name,selling_price,year,seller_type,owner,km_driven,ex_showroom_price,log_kms_driven
Royal Enfield Classic 350,175000,5,1,0,350,87958.71405750798,5.860786223465865
Honda Dio,45000,7,1,0,5650,87958.71405750798,8.639587799629844
Royal Enfield Classic Gunmetal Grey,150000,6,1,0,12000,148114.0,9.392745258631441
Yamaha Fazer FI V 2.0 [2016-2018],65000,9,1,0,23000,89643.0,10.043292972227004
Yamaha SZ [2013-2014],20000,13,1,0,21000,87958.71405750798,9.952325334619427
Honda CB Twister,18000,14,1,0,60000,53857.0,11.002116507732017
Honda CB Hornet 160R,78500,6,1,0,17000,87719.0,9.741027444837728
Royal Enfield Bullet 350 [2007-2011],180000,16,1,0,39000,87958.71405750798,10.571342565808699
Hero Honda CBZ extreme,30000,14,1,0,32000,87958.71405750798,10.373522431293592
Bajaj Discover 125,50000,8,1,0,42000,60122.0,10.645448706505872
Yamaha FZ16,35000,9,1,0,32000,78712.0,10.373522431293592
Honda Navi,28000,8,1,0,10000,47255.0,9.210440366976517
Bajaj Avenger Street 220,80000,6,1,0,21178,95955.0,9.960765403687601
Yamaha YZF R3,365000,5,1,0,1127,351680.0,7.028201432058005
Jawa 42,185000,4,1,0,1700,87958.71405750798,7.438971592395862
Suzuki Access 125 [2007-2016],25000,12,1,0,55000,58314.0,10.915106645867503
Hero Honda Glamour,25000,18,1,0,27000,87958.71405750798,10.203629181337648
Yamaha YZF R15 S,40000,14,1,0,45000,117926.0,10.714439990727769
Royal Enfield Classic Gunmetal Grey,150000,6,1,0,23000,148114.0,10.043292972227004
Yamaha FZ25,120000,6,1,0,39000,132680.0,10.571342565808699
Hero Passion Pro 110,15000,16,1,0,60000,87958.71405750798,11.002116507732017
Honda Navi [2016-2017],26000,8,1,0,17450,44389.0,9.767152232578871
Honda Activa i,32000,11,1,0,20696,53900.0,9.937744041214218
Jawa Standard,180000,5,1,0,2000,87958.71405750798,7.601402334583733
Royal Enfield Thunderbird 350,110000,8,1,0,20000,87958.71405750798,9.90353755128617
Honda Dream Yuga,25000,12,1,0,35000,56147.0,10.463131911491967
TVS Apache RTR 160 4V,80000,6,1,0,15210,87958.71405750798,9.629774129311743
Honda Navi [2016-2017],42000,7,1,0,24000,44389.0,10.085850775128717
Yamaha Fazer [2009-2016],40000,11,1,0,35000,84751.0,10.463131911491967
Hero Honda Splendor NXG,21000,15,1,0,10000,87958.71405750798,9.210440366976517
Hero Glamour 125,55000,7,1,0,2500,61600.0,7.824445930877619
Yamaha FZ S [2012-2016],38000,11,1,0,75000,79432.0,11.225256725762893
Hero Xtreme Sports,43000,8,1,0,50000,78350.0,10.819798284210286
Honda X-Blade,65000,6,1,0,27000,87958.71405750798,10.203629181337648
Honda CB Shine SP,62000,5,1,0,10000,71049.0,9.210440366976517
Honda Activa 5G,60000,6,1,0,6502,57557.0,8.780018887869153
Hero Glamour 125,45000,6,1,0,21000,61600.0,9.952325334619427
Honda CBR-250R,120000,8,1,0,16000,202310.0,9.680406499268875
Hero Honda Passion PRO [2012],30000,13,1,0,42000,87958.71405750798,10.645448706505872
Royal Enfield Thunderbird 350,90000,9,1,0,13000,87958.71405750798,9.472781556562168
Bajaj Dominar 400,125000,7,1,0,12800,87958.71405750798,9.45727857185611
Hero Glamour FI,50000,6,1,0,20000,71150.0,9.90353755128617
KTM 390 Duke,175000,7,1,0,4600,87958.71405750798,8.434028950155469
Hero Passion XPro,28000,12,1,0,81000,56750.0,11.302216779257382
Yamaha FZ S V 2.0,85000,6,1,0,8000,84042.0,8.987321812850125
Hero Achiever 150,29900,8,1,0,55000,69750.0,10.915106645867503
Bajaj Discover 125,25000,13,1,0,57000,60122.0,10.950824090522445
Yamaha FZ16,30000,15,1,0,26000,78712.0,10.165890277802454
Yamaha Saluto,60000,6,1,0,13000,59844.0,9.472781556562168
Yamaha FZ16,35000,12,1,0,29000,78712.0,10.275085591132715
Bajaj Discover 100,25000,14,1,0,43000,42859.0,10.668978650219241
Honda CB Trigger,30000,9,1,0,40000,73413.0,10.596659732783579
Royal Enfield Electra 5 S,90000,14,1,0,40000,87958.71405750798,10.596659732783579
Hero Splendor PRO,35000,9,1,0,24000,49900.0,10.085850775128717
Honda Activa 5G,70000,5,1,0,3000,59422.0,8.006700845440367
Hero Honda Passion Plus,25000,18,1,0,75000,87958.71405750798,11.225256725762893
Bajaj Pulsar 150,25000,14,1,0,42000,87958.71405750798,10.645448706505872
Royal Enfield Bullet 350,90000,10,1,0,13000,87958.71405750798,9.472781556562168
Bajaj Discover 125,25000,11,1,0,55000,57549.0,10.915106645867503
Bajaj Pulsar 150 [2001-2011],42000,13,1,0,23000,87958.71405750798,10.043292972227004
Hero Splendor PRO,35000,9,1,0,24000,51994.0,10.085850775128717
Hero Xtreme Sports,50000,10,1,0,80000,80350.0,11.289794413577894
Honda Activa 3G,30000,9,1,0,39000,54605.0,10.571342565808699
Yamaha FZ16,48000,8,1,0,20000,78712.0,9.90353755128617
Honda CB Hornet 160R,65000,8,1,0,30000,88161.0,10.308985993422082
Royal Enfield Thunderbird 350,85000,11,1,0,21000,87958.71405750798,9.952325334619427
Hero Hunk,45000,10,1,0,41000,78513.0,10.62135173563291
Suzuki Let''s,34000,10,1,0,8000,50098.0,8.987321812850125
Royal Enfield Electra 4 S,90000,16,1,0,50000,87958.71405750798,10.819798284210286
TVS Scooty Pep Plus,35000,12,1,0,8150,87958.71405750798,9.005895898094458
Mahindra Mojo XT300,165000,7,1,0,1933,195500.0,7.56734567601324
TVS Apache RTR 160,35000,11,1,0,55750,87958.71405750798,10.928650626381225
Bajaj Pulsar AS200,65000,9,1,0,15856,92074.0,9.671366322189568
Bajaj Pulsar 150,29500,11,1,0,27000,87958.71405750798,10.203629181337648
Royal Enfield Thunderbird 350X,165000,5,1,0,3700,164004.0,8.216358332386156
Suzuki Intruder 150,95000,6,1,0,21938,87958.71405750798,9.996021153939061
Hero Honda Karizma ZMR [2010],50000,14,1,0,48000,87958.71405750798,10.778977123006351
Honda Dio,7500,15,1,0,16000,87958.71405750798,9.680406499268875
Bajaj Xcd,25000,16,1,0,54000,87958.71405750798,10.896757843893464
Hero Splendor Plus,35000,10,1,0,35000,87958.71405750798,10.463131911491967
Royal Enfield Thunderbird 350X,160000,6,1,0,15000,87958.71405750798,9.61587214452889
Honda CB Unicorn 150,50000,10,1,0,32000,74295.0,10.373522431293592
Honda Activa 5G,62000,5,1,0,3500,57557.0,8.160803920954665
Honda CB Twister,30000,11,1,0,9000,53857.0,9.105090961257085
Hero Splendor PRO,28000,9,1,0,38000,49642.0,10.545367754151743
Hero Honda CD Deluxe,25000,15,1,0,50000,87958.71405750798,10.819798284210286
Honda Activa i [2016-2017],30000,9,1,0,20000,51112.0,9.90353755128617
Royal Enfield Classic Gunmetal Grey,140000,6,1,0,22000,148114.0,9.99884318585288
TVS Scooty Zest 110,30000,7,1,0,9432,53751.0,9.151969458649853
Hero CD Deluxe,25000,10,1,0,70000,87958.71405750798,11.156264806643742
Suzuki Access 125 [2007-2016],22000,14,1,0,43000,58314.0,10.668978650219241
Honda Activa [2000-2015],22989,12,1,0,500000,50267.0,13.122365377402328
Honda Activa 125 [2016-2017],42000,8,1,0,30514,61653.0,10.325973644978596
Suzuki GS150R,30000,14,1,0,130000,70851.0,11.775297421715827
Bajaj Pulsar 220S,55000,9,1,0,45000,87958.71405750798,10.714439990727769
Honda Activa 4G,45000,6,1,0,25000,53079.0,10.12667110305036
Yamaha FZ25,150000,5,1,0,2500,133680.0,7.824445930877619
Bajaj Pulsar 150,42000,9,1,0,22770,87958.71405750798,10.033243075528665
Hero Splendor Plus,30000,9,1,0,30000,87958.71405750798,10.308985993422082
Bajaj Discover 100,24999,12,1,0,35000,42859.0,10.463131911491967
Royal Enfield Thunderbird 350X,160000,5,1,0,6330,87958.71405750798,8.753213480544126
Royal Enfield Classic 350,175000,4,1,0,500,87958.71405750798,6.2166061010848646
Bajaj Pulsar 150,40000,11,1,0,43400,87958.71405750798,10.6782377612977
Bajaj Pulsar NS160,85000,6,1,0,7004,87958.71405750798,8.854379458771108
Royal Enfield Classic Desert Storm,150000,7,1,0,16500,181445.0,9.711176264112805
Suzuki Gixxer SF,80000,6,1,0,12500,87958.71405750798,9.433563920090563
TVS Apache RTR 200 4V,95000,6,1,0,9600,87958.71405750798,9.169622538697624
Bajaj V15,42000,8,1,0,35000,65626.0,10.463131911491967
TVS XL 100 Heavy Duty,40000,5,1,0,11000,87958.71405750798,9.305741456739435
Yamaha FZ S V 2.0,50000,9,1,0,20000,84042.0,9.90353755128617
Hero HF Deluxe,40000,6,1,0,13000,87958.71405750798,9.472781556562168
Aprilia SR 125,75000,5,1,0,3500,87958.71405750798,8.160803920954665
Yamaha FZ25,120000,7,1,0,9000,132680.0,9.105090961257085
Hero Honda Glamour,30000,16,1,0,7500,87958.71405750798,8.922791623969637
Bajaj Discover 125 ST,17500,11,1,0,38000,58438.0,10.545367754151743
Hero Honda Passion Plus,7500,20,1,0,120000,87958.71405750798,11.695255355062795
Honda Aviator,57000,6,1,0,6465,61118.0,8.774312958285378
Vespa SXL 149,80000,6,1,0,18803,87958.71405750798,9.841824892144022
TVS Scooty Pep Plus,18000,14,1,0,20000,87958.71405750798,9.90353755128617
Hero Xtreme [2013-2014],25000,11,1,0,24000,75936.0,10.085850775128717
Royal Enfield Thunderbird 350,83900,10,1,0,22000,87958.71405750798,9.99884318585288
UM Renegade Commando,160000,6,1,0,7000,180525.0,8.853808274977197
Royal Enfield Classic Gunmetal Grey,135000,6,1,0,6100,148114.0,8.716207971151853
Honda CB Hornet 160R,55000,7,1,0,14000,87543.0,9.546884034617925
Honda Shine,50000,7,1,0,23000,87958.71405750798,10.043292972227004
Bajaj Discover 100,20000,12,1,0,85000,42859.0,11.350418300109132
Hero Honda CBZ extreme,25000,14,1,0,40000,87958.71405750798,10.596659732783579
Royal Enfield Classic 350,125000,7,1,0,18000,87958.71405750798,9.798182590890704
Honda Activa 5G,55000,5,1,0,10000,57557.0,9.210440366976517
Bajaj Avenger Street 150 [2018],50000,8,1,0,40000,80435.0,10.596659732783579
Royal Enfield Continental GT 650,299000,5,1,0,1500,87958.71405750798,7.313886831633462
Honda Activa 3G,60000,9,1,0,30000,54605.0,10.308985993422082
Honda Activa 3G,40000,9,1,0,3000,54605.0,8.006700845440367
Bajaj Pulsar 180,15000,16,1,0,55000,85011.0,10.915106645867503
Harley-Davidson Street Bob,750000,11,1,0,12000,1278000.0,9.392745258631441
Hero Honda CBZ extreme,20000,17,1,0,90000,87958.71405750798,11.407576060361786
Royal Enfield Classic Gunmetal Grey,190000,4,1,0,500,155740.0,6.2166061010848646
KTM 390 Duke ABS [2013-2016],130000,9,1,0,50000,202127.0,10.819798284210286
Honda CB Hornet 160R,54786,8,1,0,25000,88161.0,10.12667110305036
KTM 200 Duke,72000,11,1,0,36500,87958.71405750798,10.505094936455558
Hero Karizma 2014,35000,11,1,0,26000,86744.0,10.165890277802454
Hero Glamour 125,45000,7,1,0,18000,61600.0,9.798182590890704
Royal Enfield Classic 350,85000,11,1,0,49000,87958.71405750798,10.799595985047786
Royal Enfield Classic 500,100000,11,1,0,18000,156304.0,9.798182590890704
Bajaj Dominar 400,138000,7,1,0,15000,87958.71405750798,9.61587214452889
Royal Enfield Thunderbird 350X,150000,6,1,0,8500,87958.71405750798,9.04793908261736
KTM RC 390,180000,7,1,0,3775,87958.71405750798,8.236420527265391
Royal Enfield Thunderbird 350,100000,9,1,0,14500,87958.71405750798,9.581972891547895
Hero Hunk,20000,14,1,0,35000,78513.0,10.463131911491967
KTM 390 Duke,170000,7,1,0,14000,87958.71405750798,9.546884034617925
Suzuki Gixxer [2014-2018],60000,8,1,0,16000,84246.0,9.680406499268875
Royal Enfield Bullet 350,123000,8,1,0,7000,87958.71405750798,8.853808274977197
Suzuki Access 125,60000,7,1,0,4000,87958.71405750798,8.294299608857235
TVS Apache RTR 200 4V,100000,7,1,0,45000,87958.71405750798,10.714439990727769
Hero Xtreme Sports,22000,10,1,0,99000,78350.0,11.502885230075814
Honda Activa [2000-2015],30000,10,1,0,52000,50267.0,10.859018228147887
Bajaj Discover 125,28000,11,1,0,45000,60122.0,10.714439990727769
Bajaj Pulsar 150,50000,17,1,0,52000,87958.71405750798,10.859018228147887
Yamaha Saluto RX,40000,7,1,0,27000,49521.0,10.203629181337648
Hero HF Deluxe,43000,6,1,0,60000,87958.71405750798,11.002116507732017
Suzuki Access 125,40000,9,1,0,2300,87958.71405750798,7.741099090035366
Royal Enfield Classic Desert Storm,100000,12,1,0,15000,181445.0,9.61587214452889
Hero HF Deluxe,30000,8,1,0,50000,87958.71405750798,10.819798284210286
KTM RC 200,130000,7,1,0,27000,87958.71405750798,10.203629181337648
Honda CB Hornet 160R,48000,8,1,0,25000,88161.0,10.12667110305036
Bajaj CT 100,32000,7,1,0,40000,87958.71405750798,10.596659732783579
Hero Honda Pleasure,23000,14,1,0,32000,87958.71405750798,10.373522431293592
Bajaj Pulsar 135 LS,20000,14,1,0,50000,64589.0,10.819798284210286
Royal Enfield Classic 350,125000,7,1,0,36000,87958.71405750798,10.491301994830229
Honda Navi [2016-2017],23000,8,1,0,17450,44389.0,9.767152232578871
Bajaj Discover 125,15000,13,1,0,32000,57549.0,10.373522431293592
Yamaha SZ RR V 2.0,35000,9,1,0,38000,69983.0,10.545367754151743
Bajaj Discover 150,25000,10,1,0,71000,54299.0,11.170449240431308
Bajaj Pulsar 150,80000,5,1,0,8000,87958.71405750798,8.987321812850125
TVS Flame,15000,14,1,0,12000,87958.71405750798,9.392745258631441
Vespa VX 125,45000,11,1,0,50000,72303.0,10.819798284210286
Yamaha SZ X,25000,12,1,0,30000,65800.0,10.308985993422082
Honda CBF Stunner,35000,11,1,0,15888,58757.0,9.673382324888367
Bajaj Discover 100 T,25000,11,1,0,26000,47032.0,10.165890277802454
Royal Enfield Classic 350,170000,6,1,0,5600,87958.71405750798,8.630700432209832
Honda Activa [2000-2015],25000,10,1,0,41000,50267.0,10.62135173563291
Royal Enfield Electra 5 S,60000,17,1,0,19612,87958.71405750798,9.883947890661512
Bajaj Pulsar 150,41000,12,1,0,17000,87958.71405750798,9.741027444837728
Honda Shine,35000,12,1,0,33700,87958.71405750798,10.425282789490705
Honda CB Unicorn 160,75000,9,1,0,100000,79233.0,11.51293546492023
Honda Activa 3G,47999,8,1,0,6000,54605.0,8.699681400989514
Honda Shine,36999,13,1,0,21000,87958.71405750798,9.952325334619427
Bajaj Pulsar 180,25000,17,1,0,80000,85011.0,11.289794413577894
Suzuki Gixxer SF,60000,8,1,0,15000,87958.71405750798,9.61587214452889
Honda CB Unicorn 150,50000,17,1,0,46000,74295.0,10.736418414365376
Yamaha YZF R15 [2011-2018],65000,11,1,0,11000,118997.0,9.305741456739435
TVS Sport,12000,17,1,0,72000,87958.71405750798,11.184435286790631
Bajaj Pulsar AS200,60000,9,1,0,50000,92074.0,10.819798284210286
Honda Activa [2000-2015],20000,14,1,0,50000,50267.0,10.819798284210286
Yamaha FZ16,27000,13,1,0,67000,78712.0,11.112462823634855
Bajaj Boxer,10000,24,1,0,30000,87958.71405750798,10.308985993422082
Hero Honda Hunk,56000,9,1,0,48000,87958.71405750798,10.778977123006351
Hero Honda Hunk,58000,9,1,0,48000,87958.71405750798,10.778977123006351
Bajaj Avenger Cruise 220,87000,6,1,0,8000,87958.71405750798,8.987321812850125
Yamaha Ray Z,35000,9,1,0,15500,52949.0,9.648659816955295
Bajaj Pulsar 180,35000,12,1,0,45000,85011.0,10.714439990727769
Bajaj Discover 150F,40000,10,1,0,60855,64071.0,11.016265696677138
Bajaj Pulsar 135 LS,56000,7,1,0,37714,64589.0,10.53781317228773
Bajaj Pulsar 180,30000,16,1,0,60000,85011.0,11.002116507732017
Honda Activa 125 [2016-2017],40000,7,1,0,26000,61545.0,10.165890277802454
Hero HF Deluxe,60000,5,1,0,6000,87958.71405750798,8.699681400989514
Hero Karizma 2014,40000,11,1,0,30000,86744.0,10.308985993422082
Bajaj Platina 100,40000,6,1,0,17000,87958.71405750798,9.741027444837728
Royal Enfield Bullet 500,130000,9,1,0,34601,168482.0,10.451666762843468
Bajaj Pulsar AS200,45000,9,1,0,48000,92074.0,10.778977123006351
Yamaha FZ S [2012-2016],42000,11,1,0,60000,79432.0,11.002116507732017
Bajaj Pulsar 220 Fi,25000,12,1,0,44000,87958.71405750798,10.691967639914864
Bajaj Pulsar 150,15000,18,1,0,55000,87958.71405750798,10.915106645867503
Bajaj Dominar 400 [2018],170000,6,1,0,16000,163331.0,9.680406499268875
Hero Passion X Pro [2016-2017],38000,8,1,0,20000,59095.0,9.90353755128617
Yamaha FZ S V 2.0,60000,9,1,0,17500,84042.0,9.770013301136158
TVS Apache RTR 160,65000,7,1,0,46000,87958.71405750798,10.736418414365376
Bajaj Avenger [2015],35000,13,1,0,30000,75502.0,10.308985993422082
Bajaj Pulsar 150,70000,5,1,0,6500,87958.71405750798,8.77971129020447
Hero Honda Glamour,15000,18,1,0,80000,87958.71405750798,11.289794413577894
Hero Splendor iSmart,50000,7,1,0,10000,52271.0,9.210440366976517
Royal Enfield Classic 350,145000,7,1,0,2200,87958.71405750798,7.696667081526462
Yamaha FZ16,25000,16,1,0,40000,78712.0,10.596659732783579
Hero Xtreme Sports,58000,8,1,0,21000,80350.0,9.952325334619427
Royal Enfield Bullet 350 [2007-2011],90000,17,1,0,3500,87958.71405750798,8.160803920954665
Hero Honda Passion,9000,22,1,0,66191,87958.71405750798,11.100314888701194
Bajaj Discover 150S,40000,10,1,0,50000,63331.0,10.819798284210286
TVS Scooty Zest 110,28000,9,1,0,32800,52372.0,10.39821428171237
Bajaj Avenger Street 150 [2018],50000,8,1,0,32000,80435.0,10.373522431293592
Yamaha Cygnus Ray ZR,56000,5,1,0,3900,58630.0,8.268988209506656
Honda Activa [2000-2015],35000,10,1,0,10000,50267.0,9.210440366976517
TVS Apache RTR 200 4V,95000,6,1,0,9600,87958.71405750798,9.169622538697624
Honda Shine,30000,14,1,0,46782,87958.71405750798,10.753275168052005
Honda CB Hornet 160R,95000,5,1,0,8000,94703.0,8.987321812850125
Honda Activa i [2016-2017],40000,7,1,0,11000,53436.0,9.305741456739435
Hero Karizma 2014,30000,10,1,0,51000,86744.0,10.839600519357369
Bajaj Discover 100 T,18000,11,1,0,45000,47032.0,10.714439990727769
Honda Aviator,14000,16,1,0,66000,59183.0,11.097425172408931
Hero Splendor Plus,17000,14,1,0,50000,87958.71405750798,10.819798284210286
Royal Enfield Thunderbird 350,125000,7,1,0,23500,87958.71405750798,10.064798252418377
Bajaj CT 110,20000,9,1,0,25000,87958.71405750798,10.12667110305036
Hero Passion PRO i3s,50000,7,1,0,41000,56925.0,10.62135173563291
KTM RC 390,210000,7,1,0,12000,87958.71405750798,9.392745258631441
Bajaj Pulsar 220F,70000,6,1,0,33000,87958.71405750798,10.404293143019792
Hero Maestro Edge,40000,7,1,0,15000,55980.0,9.61587214452889
Bajaj Xcd,10000,16,1,0,50000,87958.71405750798,10.819798284210286
Bajaj Pulsar 150,35000,14,1,0,40000,87958.71405750798,10.596659732783579
TVS Centra,10000,19,1,0,50000,87958.71405750798,10.819798284210286
Honda Activa 3G,42000,9,1,0,20000,54605.0,9.90353755128617
Yamaha FZ16,20000,15,1,0,50000,78712.0,10.819798284210286
Hero Maestro Edge,25000,7,1,0,55000,52790.0,10.915106645867503
Bajaj Discover 125,25000,8,1,0,70350,60122.0,11.161252277082589
Royal Enfield Thunderbird 350X,145000,5,1,0,2700,164004.0,7.901377353792616
Hero Super Splendor,50000,8,1,0,20000,87958.71405750798,9.90353755128617
TVS Scooty Pep Plus,30000,13,1,0,20000,87958.71405750798,9.90353755128617
Yamaha FZ V 2.0,60000,10,1,0,41311,81508.0,10.628908293646369
Hero Honda Splendor Plus,15000,19,1,0,65000,87958.71405750798,11.082157933374816
Hero CD Deluxe,15000,10,1,0,34000,87958.71405750798,10.434145214930487
Hero Honda Passion PRO [2012],25000,13,1,0,20000,87958.71405750798,9.90353755128617
Hero HF Deluxe i3s,54000,5,1,0,11000,87958.71405750798,9.305741456739435
Bajaj Xcd,25000,17,1,0,75000,87958.71405750798,11.225256725762893
Royal Enfield Interceptor 650,260000,5,1,0,1200,87958.71405750798,7.0909098220799835
Honda CBR-250R,100000,10,1,0,19000,199275.0,9.852246888342531
Bajaj Kristal,15000,17,1,0,30000,87958.71405750798,10.308985993422082
Hero Honda Splendor Plus,20000,18,1,0,23000,87958.71405750798,10.043292972227004
Honda Dream Yuga,35000,10,1,0,10000,56147.0,9.210440366976517
Yamaha FZ S V 2.0,50000,8,1,0,40000,87042.0,10.596659732783579
Hero Xpulse 200,90000,5,1,0,8600,107500.0,9.059633754551479
Bajaj V15,40000,8,1,0,45000,67187.0,10.714439990727769
Bajaj Avenger Street 220,80000,8,1,0,7200,95955.0,8.881975184248867
Bajaj Discover 135,20000,14,1,0,31195,87958.71405750798,10.348045160450388
Honda CB Unicorn 150,70000,7,1,0,18000,74295.0,9.798182590890704
Vespa SXL 149,98000,5,1,0,1000,87958.71405750798,6.90875477931522
Royal Enfield Machismo,75000,16,1,0,17000,87958.71405750798,9.741027444837728
Honda CB Shine SP,50000,8,1,0,46000,67214.0,10.736418414365376
Honda CB Unicorn 150,40000,10,1,0,77592,74295.0,11.25923249591692
Honda CB Unicorn 150,75000,11,1,0,54000,74295.0,10.896757843893464
Honda CB Unicorn 150,50000,11,1,0,17000,74295.0,9.741027444837728
Bajaj Pulsar 150,60000,10,1,0,60000,87958.71405750798,11.002116507732017
TVS Apache RTR 160,50000,8,1,0,40000,87958.71405750798,10.596659732783579
Honda Dio,35000,10,1,0,25000,87958.71405750798,10.12667110305036
Royal Enfield Thunderbird 350,160000,6,1,0,19000,87958.71405750798,9.852246888342531
Hero Maestro,25000,9,1,0,40000,49412.0,10.596659732783579
Hero Honda CBZ extreme,42000,14,1,0,51000,87958.71405750798,10.839600519357369
Bajaj Dominar 400,200000,5,1,0,7600,87958.71405750798,8.936035096566041
Honda Activa 125,40000,10,1,0,14965,87958.71405750798,9.613536240640304
Royal Enfield Classic Desert Storm,130000,9,1,0,25000,181445.0,10.12667110305036
KTM 250 Duke,195000,5,1,0,6000,87958.71405750798,8.699681400989514
KTM RC 390,270000,5,1,0,2380,87958.71405750798,7.7752758464868625
Kawasaki Ninja 650 [2018-2019],425000,7,1,0,13600,599000.0,9.517898598432753
TVS Apache RTR 200 4V,85000,6,1,0,10000,87958.71405750798,9.210440366976517
Kawasaki Ninja 250R,125000,14,1,0,21000,317934.0,9.952325334619427
TVS Wego,45000,6,1,0,10000,54760.0,9.210440366976517
Honda CBR-250R,85000,10,1,0,18600,171646.0,9.83097062169695
Bajaj Pulsar NS200,85000,6,1,0,7750,87958.71405750798,8.955577146281511
Suzuki GSX S750,760000,5,1,0,2800,752020.0,7.937731775260109
Royal Enfield Thunderbird 350,100000,9,1,0,30000,87958.71405750798,10.308985993422082
Royal Enfield Classic 350,95000,9,1,0,9800,87958.71405750798,9.19023970026918
Honda CB Shine SP,48000,9,1,0,25000,67469.0,10.12667110305036
Bajaj Avenger Street 150 [2018],40000,8,1,0,29689,80435.0,10.298565567757805
Honda CBF Stunner,37000,10,1,0,43000,58757.0,10.668978650219241
Bajaj Avenger [2015],38000,10,1,0,28243,75502.0,10.248636324636237
Suzuki Gixxer [2014-2018],55000,9,1,0,25000,78316.0,10.12667110305036
Suzuki Access 125,45000,7,1,0,22300,87958.71405750798,10.012386799492118
TVS Scooty Streak,18000,15,1,0,33595,44140.0,10.422162291245519
Royal Enfield Thunderbird 350X,140000,6,1,0,5505,87958.71405750798,8.613593685702552
Yamaha Rx,70000,24,1,0,5000,87958.71405750798,8.517393171418904
Hero Honda Splendor Plus,15000,17,1,0,30000,87958.71405750798,10.308985993422082
Bajaj Pulsar 125,65000,5,1,0,16000,87958.71405750798,9.680406499268875
Honda Activa 5G,42000,6,1,0,22000,57557.0,9.99884318585288
Yamaha Fazer Dlx,58000,12,1,0,40000,87958.71405750798,10.596659732783579
Harley-Davidson Street 750,330000,10,1,0,6500,534000.0,8.77971129020447
Hero Xtreme 2014,35000,11,1,0,15000,72973.0,9.61587214452889
Royal Enfield Classic 350,162000,6,1,0,17365,87958.71405750798,9.76226955062059
Hero Honda Hunk,28000,15,1,0,40000,87958.71405750798,10.596659732783579
Royal Enfield Interceptor 650,285000,5,1,0,5500,87958.71405750798,8.612685172875459
Royal Enfield Classic 350,125000,7,1,0,33900,87958.71405750798,10.431199791458543
Bajaj Pulsar 150 [2001-2011],15000,19,1,0,47670,87958.71405750798,10.772078525532862
Honda Activa [2000-2015],29500,11,1,0,45000,50267.0,10.714439990727769
TVS Apache RR310,200000,5,1,0,5000,87958.71405750798,8.517393171418904
Jawa Standard,160000,5,1,0,5700,87958.71405750798,8.648396877031582
Hero Honda Splendor PRO,30000,12,1,0,22866,87958.71405750798,10.037450102199095
Yamaha FZ25,110000,5,1,0,10000,133680.0,9.210440366976517
Bajaj Pulsar 220F,70000,8,1,0,31000,87958.71405750798,10.34177474101152
Yamaha Fascino 110,69000,5,1,0,1600,57112.0,7.3783837129967145
Yamaha FZ16,30000,13,1,0,44000,78712.0,10.691967639914864
Yamaha FZ16,30000,14,1,0,70000,78712.0,11.156264806643742
TVS Star City Plus,42000,7,1,0,21000,87958.71405750798,9.952325334619427
Royal Enfield Classic 350,160000,6,1,0,17365,87958.71405750798,9.76226955062059
Bajaj Pulsar 135 LS,20000,14,1,0,80000,64589.0,11.289794413577894
Suzuki Access 125,45000,7,1,0,15000,87958.71405750798,9.61587214452889
Bajaj Pulsar 135 LS,23000,14,1,0,77000,64589.0,11.251573687764477
UM Renegade Commando,140000,7,1,0,40000,180525.0,10.596659732783579
Hero Honda Splendor Plus,12000,19,1,0,48000,87958.71405750798,10.778977123006351
Hero Passion PRO i3s,50000,7,1,0,18000,56925.0,9.798182590890704
Royal Enfield Classic 350,140000,6,1,0,20000,87958.71405750798,9.90353755128617
Honda Activa 5G,55000,5,1,0,9000,59422.0,9.105090961257085
Yamaha Fascino 110,45000,8,1,0,56000,54500.0,10.933124826700707
Hero Splendor Plus,25000,12,1,0,50000,87958.71405750798,10.819798284210286
Royal Enfield Thunderbird 350,90000,10,1,0,12000,87958.71405750798,9.392745258631441
Yamaha YZF R15 V3,120000,6,1,0,11500,87958.71405750798,9.350189267092581
KTM RC 200,120000,9,1,0,20000,87958.71405750798,9.90353755128617
TVS Radeon,35000,7,1,0,20000,66492.0,9.90353755128617
Hero HF Deluxe,35000,7,1,0,27000,87958.71405750798,10.203629181337648
BMW G310GS,300000,6,1,0,2500,349000.0,7.824445930877619
Royal Enfield Thunderbird 350,87000,12,1,0,20477,87958.71405750798,9.927106418134763
Hero Honda Splendor Plus,18000,14,1,0,35700,87958.71405750798,10.482933978579906
Yamaha FZ S V 2.0,50000,10,1,0,70000,84042.0,11.156264806643742
Bajaj Avenger Street 220,60000,8,1,0,29000,95955.0,10.275085591132715
Hero Honda Splendor Plus,15000,20,1,0,14500,87958.71405750798,9.581972891547895
Bajaj Platina 100,30000,6,1,0,37000,87958.71405750798,10.518700218288165
Royal Enfield Thunderbird 350X,160000,6,1,0,3246,87958.71405750798,8.085486772102845
Honda CB Unicorn 150,50000,8,1,0,27000,74295.0,10.203629181337648
Suzuki Gixxer [2014-2018],62000,7,1,0,15000,78316.0,9.61587214452889
Bajaj Platina 100,45000,5,1,0,15000,87958.71405750798,9.61587214452889
Royal Enfield Thunderbird 350,120000,7,1,0,4050,87958.71405750798,8.30671904320269
Royal Enfield Thunderbird 500,125000,10,1,0,25000,190874.0,10.12667110305036
Bajaj Pulsar AS150,50000,9,1,0,5000,80821.0,8.517393171418904
Bajaj Pulsar 150,30000,12,1,0,5000,87958.71405750798,8.517393171418904
Hero Pleasure,40000,10,1,0,14000,51600.0,9.546884034617925
Honda Aviator,41000,11,1,0,36500,63537.0,10.505094936455558
Royal Enfield Thunderbird 350,120000,7,1,0,9000,87958.71405750798,9.105090961257085
Hero Ignitor,35000,10,1,0,33200,67722.0,10.410335274932896
Hero Honda CD100SS,10000,27,1,0,646000,87958.71405750798,13.378556330751158
TVS Apache RTR 160,35000,13,1,0,25000,87958.71405750798,10.12667110305036
Hero Achiever 150,38000,7,1,0,26000,69750.0,10.165890277802454
Vespa LX 125,50000,9,1,0,3909,77900.0,8.271292652979412
Honda Activa 3G,40000,9,1,0,7672,54605.0,8.945462952177666
Hero Splendor Plus i3s,70000,5,1,0,3000,55600.0,8.006700845440367
Royal Enfield Classic 350,140000,8,1,0,3654,87958.71405750798,8.203851372183879
Hero Maestro,26500,8,1,0,40000,53830.0,10.596659732783579
Hero Glamour 125,38000,8,0,0,5500,61600.0,8.612685172875459
Yamaha FZ16,60000,8,1,0,29950,78712.0,10.307317991967832
Royal Enfield Himalayan,145000,7,1,0,14000,87958.71405750798,9.546884034617925
Yamaha FZ S V 2.0,78000,7,1,0,26100,84480.0,10.169728906753061
Hero Maestro Edge,58000,6,1,0,6000,54580.0,8.699681400989514
Yamaha FZ25,130000,7,1,0,4000,132680.0,8.294299608857235
TVS Victor,20000,23,1,0,50000,54852.0,10.819798284210286
Bajaj Dominar 400 [2018],150000,6,1,0,5475,163331.0,8.60813018640834
Bajaj Pulsar 180,32000,12,1,0,40000,85011.0,10.596659732783579
Bajaj Pulsar 180,50000,7,1,0,20500,85011.0,9.928228944424575
KTM 200 Duke,120000,7,1,0,4100,87958.71405750798,8.31898612539206
Bajaj Avenger Street 150 [2018],60000,8,1,0,23097,80435.0,10.047501312675033
Bajaj Discover 100 M,20000,13,1,0,37734,44756.0,10.53834332471897
Royal Enfield Bullet 350 [2007-2011],65000,13,1,0,65000,87958.71405750798,11.082157933374816
Yamaha YZF R15 S,70000,8,1,0,8000,117926.0,8.987321812850125
Yamaha FZ V 2.0,35000,10,1,0,13500,81508.0,9.510519035757246
Bajaj Avenger Street 220,95000,6,1,0,23000,95955.0,10.043292972227004
Bajaj Pulsar 150,8000,19,1,0,58000,87958.71405750798,10.968215530759236
Royal Enfield Thunderbird 350,85000,14,1,0,15000,87958.71405750798,9.61587214452889
Hero Achiever 150,65000,8,1,0,29000,69750.0,10.275085591132715
Hero Passion Pro 110,39000,11,1,0,20000,87958.71405750798,9.90353755128617
Hero Duet,45000,7,1,0,35000,50280.0,10.463131911491967
Bajaj Avenger Street 150 [2018],60000,8,1,0,45137,80435.0,10.717479742788276
Royal Enfield Classic Stealth Black,160000,6,1,0,7500,204977.0,8.922791623969637
Bajaj Pulsar 150,35000,13,1,0,35600,87958.71405750798,10.480129006333248
Bajaj Pulsar 135 LS,40000,6,1,0,15000,64589.0,9.61587214452889
Yamaha Fazer [2009-2016],40000,12,1,0,7353,84751.0,8.902999661861218
Honda CB Hornet 160R,56000,7,1,0,13200,87543.0,9.488047863280759
Honda CB Unicorn Dazzler,22000,13,1,0,38350,71757.0,10.554535882074735
Yamaha YBR 125,36000,10,1,0,20400,54593.0,9.923339198238729
Suzuki Intruder 150 Fi,100000,6,1,0,14500,110240.0,9.581972891547895
Bajaj V15,42000,8,1,0,19500,67187.0,9.87822102528824
Royal Enfield Electra 5 S,85000,16,1,0,20000,87958.71405750798,9.90353755128617
Hero Passion PRO TR,45000,10,1,0,36000,54586.0,10.491301994830229
Yamaha FZ25,145000,5,1,0,4500,133680.0,8.412054873292933
Hero Karizma [2003-2014],50000,11,1,0,38000,85766.0,10.545367754151743
Royal Enfield Interceptor 650,270000,5,1,0,9000,87958.71405750798,9.105090961257085
Royal Enfield Thunderbird 350,60000,18,1,0,40000,87958.71405750798,10.596659732783579
Royal Enfield Classic Squadron Blue,140000,7,1,0,25000,181445.0,10.12667110305036
Hero Honda Splendor Plus,28000,16,1,0,70889,87958.71405750798,11.168884658849063
KTM 390 Duke ABS [2013-2016],180000,9,1,0,13125,202127.0,9.482350275033667
Bajaj Pulsar 180,42000,10,1,0,19600,85011.0,9.883335864325275
Suzuki Access 125 [2007-2016],16000,13,1,0,40000,58314.0,10.596659732783579
Hero Splendor iSmart,40000,9,1,0,19055,52271.0,9.855137291595081
Bajaj Pulsar 180,38000,12,1,0,57000,85011.0,10.950824090522445
Yamaha YZF R15 S,85000,7,1,0,13000,117926.0,9.472781556562168
Honda Aviator,28000,11,1,0,28087,63537.0,10.243097717848269
KTM 200 Duke,135000,6,1,0,24000,87958.71405750798,10.085850775128717
Royal Enfield Thunderbird 350,120000,8,1,0,24600,87958.71405750798,10.110542371500753
Hero Karizma ZMR,37000,14,1,0,27500,108000.0,10.221977646629885
Royal Enfield Classic Chrome,135000,9,1,0,45000,189313.0,10.714439990727769
Hero Honda Splendor,10000,24,1,0,61000,87958.71405750798,11.0186455364637
Mahindra Rodeo,20000,11,1,0,7000,47343.0,8.853808274977197
TVS Apache RTR 160,83299,5,1,0,6400,87958.71405750798,8.764209507142004
Yamaha Fazer FI V 2.0 [2016-2018],65000,6,1,0,3500,89643.0,8.160803920954665
Honda Activa 5G,50000,6,1,0,14000,59422.0,9.546884034617925
Bajaj Pulsar 220 Fi,65000,11,1,0,6409,87958.71405750798,8.765614549914716
Hero Honda Karizma ZMR [2010],45000,12,1,0,44000,87958.71405750798,10.691967639914864
Honda CB Hornet 160R,60000,7,1,0,16500,92210.0,9.711176264112805
Royal Enfield Bullet 350,110000,9,1,0,36000,87958.71405750798,10.491301994830229
Hero Honda CD Deluxe,14700,19,1,0,30000,87958.71405750798,10.308985993422082
Yamaha Saluto,38000,9,1,0,15000,63180.0,9.61587214452889
Suzuki Access 125,70000,6,1,0,14500,87958.71405750798,9.581972891547895
TVS Sport,35000,6,1,0,26600,87958.71405750798,10.188704088048116
Hero Honda Glamour,19000,12,1,0,32000,87958.71405750798,10.373522431293592
KTM 125 Duke,130000,5,1,0,3500,87958.71405750798,8.160803920954665
Bajaj Pulsar NS200,50000,11,0,0,58203,87958.71405750798,10.971709359880169
Bajaj Pulsar 150 [2001-2011],18000,19,1,0,21885,87958.71405750798,9.993602441978389
Hero Xtreme 200R,87000,5,1,0,3200,93400.0,8.071218539969863
Hero Honda Splendor Plus,40000,17,1,0,40000,87958.71405750798,10.596659732783579
Bajaj Discover 150S,35000,9,1,0,28000,63331.0,10.239995502805316
Honda CBR-250R,100000,13,1,0,3500,171646.0,8.160803920954665
Hero Pleasure,30000,11,1,0,24000,51600.0,10.085850775128717
Bajaj Avenger Cruise 220,95000,6,1,0,1800,87958.71405750798,7.496097345175956
Bajaj Discover 125 ST,25000,12,1,0,76000,58438.0,11.23850177707664
Bajaj Pulsar 150 [2001-2011],26500,14,1,0,52500,87958.71405750798,10.868587496017359
Bajaj Boxer,12000,16,1,0,17500,87958.71405750798,9.770013301136158
Bajaj Pulsar 150,20000,18,1,0,41000,87958.71405750798,10.62135173563291
Royal Enfield Classic Signals,195000,6,1,0,2845,164095.0,7.953669778649798
Bajaj Pulsar 180,14900,17,1,0,50000,85011.0,10.819798284210286
Honda Dream Yuga,48000,6,1,0,7110,56147.0,8.869398159883518
Yamaha FZ S [2012-2016],40000,10,1,0,27785,79432.0,10.232287575708806
Honda CB Unicorn,45000,14,1,0,75000,71681.0,11.225256725762893
Honda Shine,25000,14,1,0,20000,87958.71405750798,9.90353755128617
Honda Activa 3G,25000,13,1,0,20000,54605.0,9.90353755128617
Honda Activa [2000-2015],10000,15,1,0,60000,50267.0,11.002116507732017
Mahindra Flyte,22000,15,1,0,20000,44493.0,9.90353755128617
Honda Activa 3G,45000,9,1,0,18000,54605.0,9.798182590890704
KTM 250 Duke,135000,7,1,0,16500,87958.71405750798,9.711176264112805
Yamaha Ray Z,75000,7,1,0,15000,52949.0,9.61587214452889
Bajaj Pulsar 135 LS,24000,14,1,0,45000,64589.0,10.714439990727769
Yamaha FZ16,45000,8,1,0,37000,78712.0,10.518700218288165
Hero Passion PRO i3s,55000,7,1,0,14600,54475.0,9.588845298501564
Bajaj Discover 125,10000,18,1,0,51000,57549.0,10.839600519357369
Royal Enfield Classic 350,135000,7,1,0,15000,87958.71405750798,9.61587214452889
Honda CB Unicorn 150,55000,7,1,0,12000,74295.0,9.392745258631441
Bajaj Avenger [2015],35000,12,1,0,15000,75502.0,9.61587214452889
Bajaj Super,20000,36,1,0,21000,87958.71405750798,9.952325334619427
Bajaj Pulsar 150,26000,12,1,0,65000,87958.71405750798,11.082157933374816
Honda Activa [2000-2015],23000,15,1,0,95000,50267.0,11.461642696843066
Royal Enfield Classic Desert Storm,150000,9,1,0,23000,181445.0,10.043292972227004
Hero Honda CD Deluxe,24700,12,1,0,40000,87958.71405750798,10.596659732783579
Hero Duet,35000,8,1,0,49637,54080.0,10.812511948418237
Hero Honda Passion PRO [2012],12000,12,1,0,90000,87958.71405750798,11.407576060361786
Royal Enfield Classic 350,150000,7,1,0,7000,87958.71405750798,8.853808274977197
Honda Activa 3G,50000,8,1,0,5326,54605.0,8.580543506917
Honda Activa [2000-2015],25000,15,1,0,585659,50267.0,13.280494695397065
Hero Honda CD100,15000,25,0,0,10000,87958.71405750798,9.210440366976517
Hero Super Splendor,35000,10,1,0,37541,87958.71405750798,10.533215585226419
Honda CB Trigger,45000,9,1,0,36000,83437.0,10.491301994830229
Honda Dream Yuga,25000,11,1,0,29000,56147.0,10.275085591132715
Hero Honda Passion Plus,40000,6,1,0,29000,87958.71405750798,10.275085591132715
TVS Spectra,17000,16,1,0,50000,87958.71405750798,10.819798284210286
Hero Ignitor,30000,8,1,0,18000,67722.0,9.798182590890704
Hero Honda CD100,15000,24,1,0,50000,87958.71405750798,10.819798284210286
Bajaj Pulsar 220F,60000,7,1,0,40000,87958.71405750798,10.596659732783579
Hero Splendor Plus,30000,11,1,0,20000,87958.71405750798,9.90353755128617
Yamaha YZF R15 [2011-2018],60000,12,1,0,22000,118997.0,9.99884318585288
Honda Activa 3G,32000,9,1,0,4500,54605.0,8.412054873292933
Bajaj Discover 150,30000,12,1,0,50000,54299.0,10.819798284210286
Bajaj Pulsar 150 [2001-2011],55000,14,1,0,42000,87958.71405750798,10.645448706505872
Bajaj Avenger Street 150 [2018],75000,8,1,0,35000,80435.0,10.463131911491967
TVS Star City Plus,52000,7,1,0,25000,87958.71405750798,10.12667110305036
Bajaj Discover 125,38000,6,1,0,34000,60122.0,10.434145214930487
Bajaj Discover 135,12000,17,1,0,60000,87958.71405750798,11.002116507732017
Honda CB Shine SP,47000,7,1,0,73000,64750.0,11.19822841866684
Honda Activa [2000-2015],22000,10,1,0,38000,50267.0,10.545367754151743
Bajaj Avenger [2015],65000,9,1,0,26000,75502.0,10.165890277802454
Bajaj Platina 100,23000,11,1,0,24000,87958.71405750798,10.085850775128717
Bajaj Discover 100,30000,13,1,0,45000,42859.0,10.714439990727769
Bajaj Pulsar 150,35000,13,1,0,36000,87958.71405750798,10.491301994830229
Bajaj Avenger Street 150 [2018],80000,7,1,0,30000,80435.0,10.308985993422082
Bajaj Platina 100,20000,12,1,0,16295,87958.71405750798,9.698674957906642
Bajaj Pulsar 150,16000,13,1,0,59000,87958.71405750798,10.985309671896763
Bajaj Pulsar 150,20000,18,1,0,9500,87958.71405750798,9.15915233520675
Bajaj Pulsar NS200,50000,12,1,0,46000,87958.71405750798,10.736418414365376
Honda CB Trigger,40000,9,1,0,75000,76572.0,11.225256725762893
Bajaj Pulsar 135 LS,20000,14,1,0,80000,64589.0,11.289794413577894
Bajaj Pulsar 180,65000,6,1,0,26000,85011.0,10.165890277802454
Yamaha YZF R15 S,85000,8,1,0,26000,117926.0,10.165890277802454
Hero Splendor Plus,12000,17,1,0,100000,87958.71405750798,11.51293546492023
Hero Xpulse 200T,105000,5,1,0,2900,96500.0,7.972810784121404
Yamaha FZ S V 2.0,40000,9,1,0,25000,84042.0,10.12667110305036
Bajaj Discover 150,30000,13,1,0,39500,54299.0,10.584081267024454
Honda Activa [2000-2015],25000,12,1,0,40000,50267.0,10.596659732783579
Hero Splendor PRO,40000,8,1,0,16000,51994.0,9.680406499268875
Honda Dream Neo,45000,7,1,0,21000,49211.0,9.952325334619427
Bajaj CT 100,40000,6,1,0,14000,87958.71405750798,9.546884034617925
Suzuki Access 125,70000,6,1,0,7000,76632.0,8.853808274977197
Honda Activa [2000-2015],30000,12,1,0,22000,50267.0,9.99884318585288
Hero Honda Pleasure,25000,15,1,0,50000,87958.71405750798,10.819798284210286
Bajaj Platina 100,20000,12,1,0,16295,87958.71405750798,9.698674957906642
Honda CB Hornet 160R,70000,7,1,0,35000,87719.0,10.463131911491967
Bajaj V15,50000,7,1,0,9000,65626.0,9.105090961257085
Hero Honda CD Deluxe,25000,14,1,0,35000,87958.71405750798,10.463131911491967
Bajaj Pulsar 150,22000,13,1,0,60000,87958.71405750798,11.002116507732017
Honda Activa [2000-2015],35000,11,1,0,29500,50267.0,10.292179440058462
TVS Apache RTR 160,40000,10,1,0,50000,87958.71405750798,10.819798284210286
Bajaj Pulsar 220F,75000,8,1,0,10500,87958.71405750798,9.259225769705994
Hero Honda Passion PRO [2012],28000,13,1,0,60000,87958.71405750798,11.002116507732017
Hero Maestro Edge,55000,6,1,0,39000,52790.0,10.571342565808699
Honda Dio,30000,10,1,0,24000,87958.71405750798,10.085850775128717
Hero Glamour 125,40000,8,1,0,15000,61600.0,9.61587214452889
Bajaj Avenger Street 160,85000,5,1,0,3000,87958.71405750798,8.006700845440367
Hero Honda CD Deluxe,12000,17,1,0,100000,87958.71405750798,11.51293546492023
Yamaha YBR 125,35000,11,1,0,20350,54593.0,9.920885329712549
Bajaj Pulsar 150,25000,9,1,0,50000,87958.71405750798,10.819798284210286
Bajaj Pulsar 150,40000,12,1,0,37000,87958.71405750798,10.518700218288165
Hero Honda CD Deluxe,15000,13,1,0,70000,87958.71405750798,11.156264806643742
Hero Passion PRO i3s,55000,6,1,0,15000,54475.0,9.61587214452889
Bajaj Pulsar 180,60000,9,1,0,28563,85011.0,10.259902462669
Yamaha Fazer 25,115000,6,1,0,11000,142680.0,9.305741456739435
TVS Excel,5000,26,1,0,60000,87958.71405750798,11.002116507732017
Honda Shine,40000,9,1,0,21121,87958.71405750798,9.95807043030642
Honda Dream Neo,50000,10,1,0,25000,49211.0,10.12667110305036
Honda Dio,28000,10,1,0,13000,87958.71405750798,9.472781556562168
Hero Splendor Plus,35000,11,1,0,55000,87958.71405750798,10.915106645867503
Bajaj Xcd,25000,17,1,0,100000,87958.71405750798,11.51293546492023
TVS Streak,20000,15,1,0,36000,87958.71405750798,10.491301994830229
Bajaj Pulsar 180,40000,11,1,0,34000,85011.0,10.434145214930487
Hero Xtreme 200R,86000,6,1,0,12000,93400.0,9.392745258631441
Yamaha YZF R15 [2011-2018],65000,13,1,0,29000,87958.71405750798,10.275085591132715
Bajaj Avenger Street 150 [2018],60000,7,1,0,30000,80435.0,10.308985993422082
Yamaha RX135,65000,26,1,0,16500,87958.71405750798,9.711176264112805
Honda CB Shine SP,41000,7,1,0,33000,66697.0,10.404293143019792
Honda CBR150 R,110000,7,1,0,11800,129662.0,9.375939552625749
Honda Dream Yuga,32000,7,1,0,39000,56147.0,10.571342565808699
Honda Shine,37000,10,1,0,16145,87958.71405750798,9.68942761995496
Hero Splendor Plus i3s,65000,5,1,0,1000,55600.0,6.90875477931522
Hero Honda Passion Plus,18000,17,1,0,50000,87958.71405750798,10.819798284210286
Hero Honda Passion PRO [2012],28700,12,1,0,49876,87958.71405750798,10.817315253638798
Honda Activa 3G,35000,8,1,0,51000,54605.0,10.839600519357369
Bajaj Pulsar 180F,100000,5,1,0,1300,87958.71405750798,7.170888478512505
Hero Honda Glamour,21000,14,1,0,11000,87958.71405750798,9.305741456739435
Bajaj Pulsar 150 [2001-2011],30000,14,1,0,55000,87958.71405750798,10.915106645867503
TVS Apache RTR 200 4V,90000,5,1,0,20000,87958.71405750798,9.90353755128617
Bajaj Super,6000,33,1,0,35000,87958.71405750798,10.463131911491967
Hero Honda Passion Plus,23500,14,1,0,60000,87958.71405750798,11.002116507732017
Bajaj Pulsar 150,55000,9,1,0,40000,87958.71405750798,10.596659732783579
Yamaha SZ X,35000,14,1,0,46000,65800.0,10.736418414365376
Hero Honda CD100,15000,26,1,0,65000,87958.71405750798,11.082157933374816
Bajaj Pulsar 180,35000,15,1,0,19000,85011.0,9.852246888342531
Bajaj Pulsar 220 DTS-i,40000,13,1,0,26000,87958.71405750798,10.165890277802454
Hero Honda Achiever,15000,15,1,0,86000,87958.71405750798,11.362114203075018
Hero Honda Karizma,40000,13,1,0,340000,87958.71405750798,12.73670383776449
Honda CB Unicorn 160,75000,8,1,0,40000,77545.0,10.596659732783579
Bajaj Avenger Cruise 220,70000,8,1,0,10000,87958.71405750798,9.210440366976517
Bajaj Discover 135,22000,17,1,0,25000,87958.71405750798,10.12667110305036
Yamaha FZ S V 2.0,80000,5,1,0,10000,87042.0,9.210440366976517
Bajaj Pulsar 150,72000,7,1,0,24000,87958.71405750798,10.085850775128717
Hero HF Deluxe,30000,10,1,0,35000,87958.71405750798,10.463131911491967
Bajaj Pulsar 135 LS,25000,13,1,0,30000,64589.0,10.308985993422082
Aprilia SR 125,65000,6,1,0,6500,87958.71405750798,8.77971129020447
Bajaj Pulsar 150,68000,5,1,0,10000,87958.71405750798,9.210440366976517
Hero Duet,27000,8,1,0,28000,50280.0,10.239995502805316
Honda CB Twister,25000,9,1,0,35000,57241.0,10.463131911491967
Bajaj Discover 125,45000,8,1,0,20000,60122.0,9.90353755128617
Honda CBR-250R,200000,5,1,0,5500,202310.0,8.612685172875459
Bajaj Pulsar 180,20100,16,1,0,36000,85011.0,10.491301994830229
Honda Shine,30000,10,1,0,25000,87958.71405750798,10.12667110305036
Suzuki Swish [2012-2015],30000,10,1,0,30000,51685.0,10.308985993422082
TVS Star City,21000,13,1,0,101000,47108.0,11.522885696764481
Hero Super Splendor,45000,12,1,0,21000,87958.71405750798,9.952325334619427
Yamaha Fazer [2009-2016],45000,10,1,0,57700,84751.0,10.96302978336854
TVS Scooty Pep DLX,14500,12,1,0,44000,87958.71405750798,10.691967639914864
Honda Dream Yuga,47000,5,1,0,8800,56147.0,9.082620630373812
TVS Star City Plus,26000,10,1,0,68000,87958.71405750798,11.127277689932466
Yamaha Fazer [2009-2016],25000,11,1,0,120000,84751.0,11.695255355062795
Hero Honda Street Smart,10000,24,1,0,24000,87958.71405750798,10.085850775128717
TVS Apache RTR 160,50000,7,1,0,38000,87958.71405750798,10.545367754151743
Honda Dio,23000,14,1,0,40000,87958.71405750798,10.596659732783579
Honda Activa [2000-2015],50000,10,1,0,48000,50267.0,10.778977123006351
Hero Maestro Edge,46000,9,1,0,14000,55980.0,9.546884034617925
Honda CB Hornet 160R,80000,7,1,0,18000,87719.0,9.798182590890704
Hero Karizma [2003-2014],50000,11,1,0,38000,85766.0,10.545367754151743
Honda CB Trigger,40000,10,1,0,75000,83437.0,11.225256725762893
Honda CB Hornet 160R,70000,7,1,0,35000,87719.0,10.463131911491967
Hero Glamour FI,30900,10,1,0,25000,71150.0,10.12667110305036
Bajaj Avenger [2015],65000,14,1,0,20000,75502.0,9.90353755128617
Hero Honda Splendor Plus,15000,18,1,0,100000,87958.71405750798,11.51293546492023
TVS Apache RTR 160,89999,5,1,0,6400,87958.71405750798,8.764209507142004
Hero Honda Splendor Plus,17600,18,1,0,52000,87958.71405750798,10.859018228147887
Bajaj Platina 100,17000,17,1,0,16000,87958.71405750798,9.680406499268875
Yamaha FZ25,90000,6,1,0,8200,132680.0,9.012011377036412
Bajaj Pulsar 150 [2001-2011],35000,14,1,0,60000,87958.71405750798,11.002116507732017
Yamaha YZF R15 S,70000,7,1,0,16000,117926.0,9.680406499268875
Bajaj Discover 125,15000,13,1,0,47000,57549.0,10.757924157061597
Hero Passion PRO i3s,35000,8,1,0,18000,54475.0,9.798182590890704
Honda Activa [2000-2015],15000,18,1,0,50000,50267.0,10.819798284210286
Bajaj Discover 125,50000,6,1,0,6000,60122.0,8.699681400989514
Suzuki Gixxer [2014-2018],69000,7,1,0,20000,82813.0,9.90353755128617
TVS Wego,15000,13,1,0,65000,54760.0,11.082157933374816
Bajaj Discover 150,25000,16,1,0,25000,54299.0,10.12667110305036
Suzuki Access 125 [2007-2016],30000,12,1,0,23000,58314.0,10.043292972227004
Hero Karizma 2014,45000,10,1,0,5555,86744.0,8.622633703874234
Hero CD Deluxe,35000,8,1,0,38000,87958.71405750798,10.545367754151743
Yamaha Fazer 25,120000,6,1,0,6000,142680.0,8.699681400989514
Hero Splendor Plus,25000,9,1,0,45000,87958.71405750798,10.714439990727769
Yamaha YZF R15 [2011-2018],80000,7,1,0,27000,118997.0,10.203629181337648
Hero Honda Splendor Plus,10000,17,1,0,98000,87958.71405750798,11.49273296168228
TVS Apache RTR 160,70000,6,1,0,16000,87958.71405750798,9.680406499268875
Bajaj Pulsar 150,35000,13,1,0,50000,87958.71405750798,10.819798284210286
Hero Glamour 125,40000,9,1,0,71250,61600.0,11.173964133120124
Hero Honda Passion Plus,20000,18,1,0,28000,87958.71405750798,10.239995502805316
Honda CB Twister,30000,12,1,0,50000,57241.0,10.819798284210286
Bajaj CT 100,8000,19,1,0,82000,87958.71405750798,11.314486721293981
Bajaj Pulsar 220 DTS-i,65000,11,1,0,6409,87958.71405750798,8.765614549914716
Hero Honda Super Splendor [2005],20000,16,1,0,54000,87958.71405750798,10.896757843893464
Honda CB Trigger,45000,11,1,0,20000,76572.0,9.90353755128617
Hero Hunk,35000,11,1,0,50000,78513.0,10.819798284210286
Bajaj Discover 150,25000,13,1,0,52000,54299.0,10.859018228147887
TVS Apache RTR 160,15000,15,1,0,880000,87958.71405750798,13.68767832281738
Hero Xtreme Sports,65000,7,1,0,23000,78350.0,10.043292972227004
Bajaj Avenger [2015],45000,13,1,0,35000,75502.0,10.463131911491967
Honda Activa 125,45000,7,1,0,49000,87958.71405750798,10.799595985047786
Bajaj Pulsar 220F,50000,13,1,0,55000,87958.71405750798,10.915106645867503
Bajaj Pulsar NS200,85000,6,1,0,15100,87958.71405750798,9.62251624577579
Hero Honda Splendor,25000,16,1,0,38000,87958.71405750798,10.545367754151743
Honda CB Unicorn 150,60000,7,1,0,12652,74295.0,9.445649620189263
Suzuki Gixxer SF Fi,100000,5,1,0,7000,103170.0,8.853808274977197
KTM RC 200,180000,5,1,0,13800,87958.71405750798,9.53249633228804
Bajaj Discover 100,25000,14,1,0,28000,42859.0,10.239995502805316
TVS Wego,15000,13,1,0,20000,54760.0,9.90353755128617
Honda CB Hornet 160R,60000,7,1,0,16008,92210.0,9.680906343078094
Yamaha YZF R15 S,75000,6,1,0,36000,117926.0,10.491301994830229
Hero CBZ,35000,14,1,0,36000,87958.71405750798,10.491301994830229
TVS Scooty Zest 110,55000,6,1,0,380,53751.0,5.942799375126701
Yamaha FZ S V 2.0,85000,6,1,0,50000,87042.0,10.819798284210286
Hero Honda Glamour,35000,12,1,0,30000,87958.71405750798,10.308985993422082
Hero Honda CBZ extreme,35000,13,1,0,35000,87958.71405750798,10.463131911491967
Yamaha FZ S V 2.0,60000,7,1,0,14500,84042.0,9.581972891547895
Suzuki Access 125,40000,7,1,0,15000,87958.71405750798,9.61587214452889
Bajaj Pulsar 150,30000,14,1,0,54000,87958.71405750798,10.896757843893464
Bajaj Pulsar NS160,80000,6,1,0,11000,87958.71405750798,9.305741456739435
Hero Splendor PRO,24000,13,1,0,43000,51994.0,10.668978650219241
Honda Shine,18000,14,1,0,15000,87958.71405750798,9.61587214452889
Hero Passion Pro 110,20000,16,1,0,40000,87958.71405750798,10.596659732783579
Yamaha FZ16,40000,8,1,0,93000,78712.0,11.440365524765756
Suzuki Access 125,20000,12,1,0,24000,87958.71405750798,10.085850775128717
TVS Jupiter,70000,6,1,0,14000,87958.71405750798,9.546884034617925
Hero Passion Pro 110,50000,5,1,0,29442,87958.71405750798,10.290211469825051
Yamaha FZ S V 2.0,75000,7,1,0,20000,84042.0,9.90353755128617
Honda Livo,25000,9,1,0,30000,87958.71405750798,10.308985993422082
Honda CB Hornet 160R,70000,7,1,0,38000,87543.0,10.545367754151743
Honda Activa 125 [2016-2017],55000,6,1,0,18000,61545.0,9.798182590890704
Honda Activa 5G,51000,6,1,0,14000,59422.0,9.546884034617925
Yamaha Saluto,74000,5,1,0,13000,59844.0,9.472781556562168
Yamaha FZ S V 2.0,65000,7,1,0,42000,84042.0,10.645448706505872
Bajaj Avenger Street 150 [2018],60000,8,1,0,27000,80435.0,10.203629181337648
Bajaj Pulsar 220F,110000,5,1,0,4000,87958.71405750798,8.294299608857235
Yamaha YZF R15 [2011-2018],50000,10,1,0,1200,118997.0,7.0909098220799835
TVS Apache RTR 160 4V,85009,6,1,0,7500,87958.71405750798,8.922791623969637
Hero Passion Pro 110,60000,11,1,0,15000,87958.71405750798,9.61587214452889
Bajaj Pulsar 150,25000,11,1,0,70000,87958.71405750798,11.156264806643742
TVS Apache RTR 160 4V,75000,5,1,0,12657,87958.71405750798,9.44604470533525
Honda CB Unicorn 150,30000,14,1,0,69000,74295.0,11.141876276228
Honda Activa [2000-2015],16600,14,1,0,100000,50267.0,11.51293546492023
Honda Activa 3G,30000,9,1,0,18000,54605.0,9.798182590890704
Honda Shine,20000,17,1,0,80000,87958.71405750798,11.289794413577894
Honda Activa 5G,62000,5,1,0,11200,59422.0,9.32375833901174
Bajaj Avenger Street 220,60000,8,1,0,17000,95955.0,9.741027444837728
Hero Xtreme [2013-2014],45000,10,1,0,56420,72492.0,10.940596708610189
Yamaha FZ S [2012-2016],40000,13,1,0,82000,79432.0,11.314486721293981
Suzuki Intruder 150,75000,6,1,0,10000,87958.71405750798,9.210440366976517
Yamaha Fazer [2009-2016],50000,12,1,0,100000,84751.0,11.51293546492023
Bajaj Pulsar RS 200,105000,7,1,0,18345,87958.71405750798,9.8171668460696
Bajaj Discover 135,30000,15,1,0,20000,87958.71405750798,9.90353755128617
Hero Honda CBZ,10000,24,1,0,48000,87958.71405750798,10.778977123006351
Bajaj Pulsar 135 LS,45000,10,1,0,14000,64589.0,9.546884034617925
Yamaha Fazer 25,145000,6,1,0,4100,142680.0,8.31898612539206
Honda CB Unicorn 150,45000,8,1,0,50000,74295.0,10.819798284210286
Honda Activa 5G,65000,5,1,0,3025,59422.0,8.014996894348302
Bajaj Pulsar 135 LS,20000,13,1,0,60000,64589.0,11.002116507732017
Hero Duet,37000,8,1,0,6000,50280.0,8.699681400989514
Hero Splendor NXG,18000,13,1,0,35000,44814.0,10.463131911491967
Hero Glamour 125,25000,11,1,0,50000,61600.0,10.819798284210286
Honda Activa 5G,46000,6,1,0,10000,57557.0,9.210440366976517
Yamaha Fascino 110,55000,5,1,0,7000,57112.0,8.853808274977197
Bajaj V15,40000,8,1,0,34000,67187.0,10.434145214930487
Hero Honda Passion PRO [2012],25000,12,1,0,20000,87958.71405750798,9.90353755128617
Honda Activa [2000-2015],25000,12,1,0,38000,50267.0,10.545367754151743
Bajaj Xcd,15000,16,1,0,100000,87958.71405750798,11.51293546492023
Bajaj Pulsar NS160,70000,6,1,0,20000,87958.71405750798,9.90353755128617
Honda CB Hornet 160R,70000,7,1,0,240000,92210.0,12.388398368982115
Yamaha RXG,25000,27,1,0,45354,87958.71405750798,10.722275703049045
TVS Streak,10000,15,1,0,100000,87958.71405750798,11.51293546492023
Bajaj Pulsar RS 200,80000,9,1,0,32000,87958.71405750798,10.373522431293592
Yamaha Alpha,25000,9,1,0,14000,54253.0,9.546884034617925
Honda Livo,35000,8,1,0,70000,87958.71405750798,11.156264806643742
Mahindra Gusto,25000,8,1,0,13500,51185.0,9.510519035757246
Bajaj Discover 125,26000,12,1,0,75000,57549.0,11.225256725762893
Hero Glamour 125,15000,13,1,0,75000,61600.0,11.225256725762893
Honda CB Unicorn 160,50000,7,1,0,52000,77545.0,10.859018228147887
Hero Pleasure,26500,11,1,0,18860,49600.0,9.844851577051172
Royal Enfield Classic 350,135000,7,1,0,2700,87958.71405750798,7.901377353792616
Honda CB Hornet 160R,80000,8,1,0,100000,92661.0,11.51293546492023
Bajaj CT 100,30000,8,1,0,38500,87958.71405750798,10.55843949396453
Yamaha FZ S V 2.0,90000,6,1,0,10500,87042.0,9.259225769705994
Bajaj Pulsar 180,85000,8,1,0,35000,85011.0,10.463131911491967
Hero Glamour 125,54000,11,1,0,17000,61600.0,9.741027444837728
Bajaj CT 100,42000,5,1,0,2900,87958.71405750798,7.972810784121404
Bajaj Discover 100 T,25000,10,1,0,30000,47032.0,10.308985993422082
TVS Star City Plus,50000,8,1,0,14000,87958.71405750798,9.546884034617925
Honda CB Unicorn 150,55000,10,1,0,10000,74295.0,9.210440366976517
Hero Passion PRO TR,35000,10,1,0,9556,54586.0,9.16502914926618
Honda CB Shine SP,50000,6,1,0,37000,64750.0,10.518700218288165
Bajaj V15,45000,9,1,0,2700,65626.0,7.901377353792616
Bajaj V15,45000,8,1,0,36000,67187.0,10.491301994830229
Bajaj Discover 100,28000,9,1,0,52000,42859.0,10.859018228147887
Royal Enfield Electra 4 S,80000,11,1,0,46000,87958.71405750798,10.736418414365376
KTM 200 Duke,130000,8,1,0,12000,87958.71405750798,9.392745258631441
Bajaj Pulsar 220F,120000,5,1,0,6500,87958.71405750798,8.77971129020447
Suzuki GS150R,27000,12,1,0,14100,70851.0,9.55400099583723
Honda Shine,30000,10,1,0,40000,87958.71405750798,10.596659732783579
Honda CB Unicorn Dazzler,50000,14,1,0,75000,71757.0,11.225256725762893
Honda Livo,45000,6,1,0,10000,87958.71405750798,9.210440366976517
Honda Aviator,28000,15,1,0,29625,59183.0,10.296407633141998
Honda Activa [2000-2015],6000,18,1,0,35000,50267.0,10.463131911491967
Hero Hunk,35000,8,1,0,32000,78513.0,10.373522431293592
Honda Activa 125,30000,10,1,0,20000,87958.71405750798,9.90353755128617
Bajaj Discover 110,15000,17,1,0,70000,52710.0,11.156264806643742
Hero Xtreme [2013-2014],45000,11,1,0,57000,75936.0,10.950824090522445
TVS Victor GLX,18000,19,1,0,11000,87958.71405750798,9.305741456739435
Bajaj Pulsar NS200,85000,6,1,0,17500,87958.71405750798,9.770013301136158
Honda Aviator,30000,10,1,0,7000,59183.0,8.853808274977197
Bajaj Platina 100,40000,6,1,0,17500,87958.71405750798,9.770013301136158
TVS Sport,34000,6,1,0,25000,87958.71405750798,10.12667110305036
Hero Honda Passion Plus,8000,21,1,0,53500,87958.71405750798,10.887455624298198
Bajaj V15,70000,6,1,0,15000,67187.0,9.61587214452889
Honda Dio,50000,8,1,0,8000,87958.71405750798,8.987321812850125
Honda Dream Yuga,35000,9,1,0,39448,56147.0,10.582763977410282
Hero Honda Splendor Plus,20000,18,1,0,75000,87958.71405750798,11.225256725762893
Bajaj Pulsar 150,50000,12,1,0,28000,87958.71405750798,10.239995502805316
Bajaj Discover 135,37000,16,1,0,62000,87958.71405750798,11.034905792929415
Honda Livo,69000,6,1,0,12000,87958.71405750798,9.392745258631441
Hero Honda Splendor NXG,28000,12,1,0,49999,87958.71405750798,10.819778284410283
Bajaj Discover 125,25000,13,1,0,70000,57549.0,11.156264806643742
Yamaha FZ V 2.0,60000,6,1,0,25000,81508.0,10.12667110305036
Yamaha SZ-S,50000,10,1,0,20000,72532.0,9.90353755128617
Royal Enfield Thunderbird 350,135000,8,1,0,4500,87958.71405750798,8.412054873292933
Bajaj Discover 125 M,30000,10,1,0,45000,49146.0,10.714439990727769
Yamaha FZ S [2012-2016],60000,10,1,0,68000,79432.0,11.127277689932466
Honda Activa [2000-2015],23000,15,1,0,95000,50267.0,11.461642696843066
Bajaj Xcd,20000,15,1,0,16000,87958.71405750798,9.680406499268875
Bajaj Avenger Street 160,80000,5,1,0,5000,87958.71405750798,8.517393171418904
Royal Enfield Electra 5 S,99000,18,1,0,36000,87958.71405750798,10.491301994830229
TVS Apache RTR 200 4V,90000,6,1,0,70000,87958.71405750798,11.156264806643742
Hero Honda Splendor Plus,20000,19,1,0,27370,87958.71405750798,10.21723933772096
Hero Glamour 125,50000,7,1,0,8600,61600.0,9.059633754551479
TVS Victor GLX,27000,22,1,0,49000,87958.71405750798,10.799595985047786
Honda Grazia,60000,6,1,0,16000,87958.71405750798,9.680406499268875
Bajaj Pulsar 150 [2001-2011],12000,17,1,0,100000,87958.71405750798,11.51293546492023
Hero Xtreme 2014,50000,10,1,0,10000,72973.0,9.210440366976517
Hero Pleasure,20000,12,1,0,30000,49600.0,10.308985993422082
Hero Passion XPro,45000,6,1,0,7000,58900.0,8.853808274977197
Hero Super Splendor,40000,11,1,0,68000,87958.71405750798,11.127277689932466
Yamaha FZ S [2012-2016],45000,8,1,0,20000,79432.0,9.90353755128617
Honda Activa [2000-2015],25000,9,1,0,25000,50267.0,10.12667110305036
Hero Glamour FI,75000,5,1,0,8900,71150.0,9.093918908958932
Hero Honda Passion Plus,25000,17,1,0,70000,87958.71405750798,11.156264806643742
Hero Splendor Plus,25000,18,1,0,40000,87958.71405750798,10.596659732783579
Hero Xpulse 200,100000,5,1,0,8500,107500.0,9.04793908261736
Honda CB Unicorn 150,30000,12,1,0,32000,74295.0,10.373522431293592
Bajaj Discover 135,25000,14,1,0,55000,87958.71405750798,10.915106645867503
Hero Honda Splendor,10000,18,1,0,75000,87958.71405750798,11.225256725762893
Hero Honda CD Deluxe,25000,16,1,0,65000,87958.71405750798,11.082157933374816
Royal Enfield Electra Twinspark,120000,8,1,0,345000,87958.71405750798,12.75130259456002
Honda Dream Neo,42000,10,1,0,21000,53415.0,9.952325334619427
Hero Maestro,30000,11,1,0,60000,49412.0,11.002116507732017
Honda CBR150 R,77000,10,1,0,38000,132513.0,10.545367754151743
Honda CB Unicorn Dazzler,25000,13,1,0,40000,71757.0,10.596659732783579
TVS Apache [2006],15000,18,1,0,40000,87958.71405750798,10.596659732783579
Hero Passion XPro,25000,11,1,0,25000,59640.0,10.12667110305036
Honda Activa 5G,50000,6,1,0,25000,57957.0,10.12667110305036
Honda Activa i,30000,10,1,0,25000,53900.0,10.12667110305036
TVS Apache RTR 200 4V,125000,5,1,0,3000,87958.71405750798,8.006700845440367
Hero Honda CBZ extreme,35000,13,1,0,28000,87958.71405750798,10.239995502805316
Suzuki Gixxer [2014-2018],45000,9,1,0,40000,78316.0,10.596659732783579
Hero Xpulse 200,98000,5,1,0,8500,107500.0,9.04793908261736
Bajaj Pulsar 150,75000,7,1,0,30000,87958.71405750798,10.308985993422082
Bajaj Pulsar AS150,55000,7,1,0,20000,80821.0,9.90353755128617
Bajaj Platina 100,25000,11,1,0,30000,87958.71405750798,10.308985993422082
Honda CB Twister,70000,10,1,0,12566,49150.0,9.438829609615144
Suzuki SlingShot,24000,13,1,0,17000,87958.71405750798,9.741027444837728
TVS Apache RTR 160,70000,6,1,0,17000,87958.71405750798,9.741027444837728
Bajaj V12,45000,7,1,0,35000,58906.0,10.463131911491967
Hero Karizma 2014,25000,9,1,0,40000,86744.0,10.596659732783579
Yamaha YZF R15 V3,170000,5,1,0,1400,146400.0,7.244941546337007
Yamaha Fascino 110,38000,8,1,0,37000,54500.0,10.518700218288165
Honda CB Unicorn 160,45000,9,1,0,15000,77545.0,9.61587214452889
Yamaha Gladiator,15000,15,1,0,46000,87958.71405750798,10.736418414365376
Hero Honda Glamour,45000,12,1,0,75000,87958.71405750798,11.225256725762893
Bajaj Discover 100,22000,10,1,0,14289,42859.0,9.567315270923913
Mahindra Gusto,30000,9,1,0,20000,51185.0,9.90353755128617
Royal Enfield Thunderbird 350,100000,12,1,0,28000,87958.71405750798,10.239995502805316
Royal Enfield Classic 350,100000,10,1,0,19000,87958.71405750798,9.852246888342531
Bajaj Pulsar 150,60000,7,1,0,28450,87958.71405750798,10.255938588321637
Royal Enfield Electra Twinspark,100000,10,1,0,31500,87958.71405750798,10.357774570341576
Bajaj Pulsar 150,40000,8,1,0,28000,87958.71405750798,10.239995502805316
Bajaj Pulsar 150,21000,17,1,0,100000,87958.71405750798,11.51293546492023
Hero HF Deluxe,40000,6,1,0,16000,87958.71405750798,9.680406499268875
Honda Activa [2000-2015],25000,17,1,0,17860,50267.0,9.790374843904484
Yamaha FZ S [2012-2016],45000,9,1,0,24000,79432.0,10.085850775128717
Bajaj Avenger Cruise 220,75000,8,1,0,10950,87958.71405750798,9.301186055275759
Honda Dio,45000,7,1,0,35850,87958.71405750798,10.487126739641525
Honda Activa i [2016-2017],35000,8,1,0,29000,53436.0,10.275085591132715
Royal Enfield Bullet 350 [2007-2011],60000,23,1,0,4000,87958.71405750798,8.294299608857235
Yamaha FZ V 2.0,60000,8,1,0,45420,81508.0,10.723729832149901
Royal Enfield Classic 350,130000,6,1,0,35000,87958.71405750798,10.463131911491967
Honda CB Shine SP,42000,7,1,0,19800,64750.0,9.893487720457795
Bajaj V15,76000,6,1,0,23000,65626.0,10.043292972227004
Hero CBZ,40000,10,1,0,35000,87958.71405750798,10.463131911491967
Hero Splendor Plus,65000,6,1,0,7500,87958.71405750798,8.922791623969637
Bajaj Discover 100 T,20000,11,1,0,20000,47032.0,9.90353755128617
Honda CB Hornet 160R,75000,8,1,0,72000,92661.0,11.184435286790631
Honda CB Hornet 160R,70000,6,1,0,7000,92661.0,8.853808274977197
TVS Apache RTR 160 4V,105000,5,1,0,6000,87958.71405750798,8.699681400989514
Honda CB Shine SP,50000,7,1,0,34300,62317.0,10.442929787247998
Royal Enfield Classic 350,120000,7,1,0,7199,87958.71405750798,8.881836305004146
Bajaj Pulsar 180,25000,13,1,0,43000,85011.0,10.668978650219241
TVS XL 100,30000,7,1,0,8000,30490.0,8.987321812850125
Hero Super Splendor,50000,7,1,0,9999,87958.71405750798,9.210340371976184
Hero Honda CBZ extreme,25000,17,1,0,80000,87958.71405750798,11.289794413577894
Bajaj Pulsar 180,50000,10,1,0,30000,85011.0,10.308985993422082
Bajaj Discover 150,35000,9,1,0,12000,54299.0,9.392745258631441
Bajaj Pulsar 180,30000,15,1,0,17500,85011.0,9.770013301136158
Honda Shine,37000,8,1,0,45000,87958.71405750798,10.714439990727769
Honda CB Unicorn 150,42000,11,1,0,38000,74295.0,10.545367754151743
Royal Enfield Himalayan,119000,8,1,0,19800,87958.71405750798,9.893487720457795
Kawasaki Ninja 650 [2018-2019],300000,13,1,0,12000,589000.0,9.392745258631441
Royal Enfield Classic 350,130000,31,1,0,10000,87958.71405750798,9.210440366976517
Hero Honda Passion Plus,22000,16,1,0,85000,87958.71405750798,11.350418300109132
Hero Honda Splendor Plus,15000,17,1,0,70000,87958.71405750798,11.156264806643742
Benelli TNT 25,160000,7,1,0,2009,170994.0,7.605890001053122
Royal Enfield Thunderbird 500X,185000,6,1,0,1500,198605.0,7.313886831633462
Royal Enfield Continental GT [2013 - 2018],110000,10,1,0,12077,208902.0,9.399140894867847
KTM RC 200,150000,7,1,0,20000,87958.71405750798,9.90353755128617
Royal Enfield Bullet 350 [2007-2011],150000,29,1,0,20000,87958.71405750798,9.90353755128617
Bajaj Pulsar 220F,45000,13,1,0,40000,87958.71405750798,10.596659732783579
Bajaj Avenger Street 220,75000,6,1,0,12000,95955.0,9.392745258631441
Honda Activa 125 [2016-2017],50000,7,1,0,27000,61545.0,10.203629181337648
Honda Shine,30000,11,1,0,93000,87958.71405750798,11.440365524765756
Bajaj Discover 150F,30000,9,1,0,12000,64071.0,9.392745258631441
Bajaj Pulsar 150 [2001-2011],22000,13,1,0,36000,87958.71405750798,10.491301994830229
Hero Karizma ZMR,75000,9,1,0,11000,108000.0,9.305741456739435
Honda Dream Yuga,45000,7,1,0,26000,56147.0,10.165890277802454
Hero Glamour 125,35000,10,1,0,450000,61600.0,13.017005083966255
Honda Activa [2000-2015],35000,12,1,0,29000,50267.0,10.275085591132715
Bajaj CT 100,25000,7,1,0,45000,87958.71405750798,10.714439990727769
Honda CB Hornet 160R,70000,7,1,0,13000,92210.0,9.472781556562168
Hero CD Dawn,10000,19,1,0,48000,87958.71405750798,10.778977123006351
Royal Enfield Classic Gunmetal Grey,180000,6,1,0,5814,148114.0,8.668196064952765
Bajaj Discover 100,24000,10,1,0,31000,42859.0,10.34177474101152
Honda Shine,42000,7,1,0,25000,87958.71405750798,10.12667110305036
TVS Max DLX,26000,22,1,0,28000,87958.71405750798,10.239995502805316
Honda Dio,60000,6,1,0,11000,87958.71405750798,9.305741456739435
Bajaj Pulsar 180,72000,7,0,0,7850,85011.0,8.968396191198256
Royal Enfield Thunderbird 350,120000,9,1,0,10000,87958.71405750798,9.210440366976517
Royal Enfield Thunderbird 350,59000,19,1,0,40000,87958.71405750798,10.596659732783579
Royal Enfield Classic Chrome,185000,9,1,0,5000,189313.0,8.517393171418904
Royal Enfield Classic Gunmetal Grey,140000,6,1,0,14000,148114.0,9.546884034617925
KTM 390 Duke,205000,6,1,0,7500,87958.71405750798,8.922791623969637
Hero Pleasure [2005-2015],30000,11,1,0,25000,46779.0,10.12667110305036
TVS Victor,18000,20,1,0,46700,54852.0,10.751520856703959
Bajaj Pulsar 150,35000,13,1,0,12000,87958.71405750798,9.392745258631441
KTM RC 200,185000,5,1,0,6000,87958.71405750798,8.699681400989514
Kawasaki Ninja 300,300000,8,1,0,9800,360000.0,9.19023970026918
Honda Dream Yuga,30000,9,1,0,46070,56147.0,10.737938963793802
Bajaj Pulsar 150,35000,15,1,0,14500,87958.71405750798,9.581972891547895
Bajaj Pulsar 150 [2001-2011],35000,16,1,0,70000,87958.71405750798,11.156264806643742
Hero Honda Passion Plus,25000,16,0,0,100000,87958.71405750798,11.51293546492023
Yamaha YZF R15 [2011-2018],80000,11,0,0,30000,118997.0,10.308985993422082
Hero Honda Splendor Plus,20000,20,1,0,127000,87958.71405750798,11.751950239425476
Hero Karizma ZMR,43000,12,1,0,63000,108000.0,11.050905878263567
Hero Honda Splendor Plus,20000,14,1,0,30000,87958.71405750798,10.308985993422082
Yo Style,20000,13,1,0,10000,37675.0,9.210440366976517
Hero Splendor iSmart,40000,9,1,0,10000,52271.0,9.210440366976517
Hero Super Splendor,30000,13,1,0,89000,87958.71405750798,11.39640288460621
Bajaj Discover 100,21000,15,1,0,50000,42859.0,10.819798284210286
Yamaha Fazer [2009-2016],35000,13,1,0,15500,84751.0,9.648659816955295
Bajaj Discover 125,23000,13,1,0,66000,57549.0,11.097425172408931
Hero Super Splendor,40000,7,1,0,80000,87958.71405750798,11.289794413577894
Honda Shine,40000,13,1,0,8600,87958.71405750798,9.059633754551479
Bajaj Discover 125 M,45000,10,1,0,40000,47186.0,10.596659732783579
Bajaj Avenger Street 150 [2018],60000,8,1,0,25000,80435.0,10.12667110305036
Yamaha Fazer [2009-2016],40000,11,1,0,34500,84751.0,10.448743588106625
Hero Passion X Pro [2016-2017],42000,8,1,0,15500,59095.0,9.648659816955295
Honda Activa [2000-2015],18000,13,1,0,28000,50267.0,10.239995502805316
TVS Star City,15000,18,1,0,40000,46575.0,10.596659732783579
Hero Honda Hunk,45000,11,1,0,40000,87958.71405750798,10.596659732783579
TVS Star City,25000,8,1,0,50000,47108.0,10.819798284210286
Bajaj Pulsar 150,70000,7,1,0,24000,87958.71405750798,10.085850775128717
Bajaj Discover 100,23000,12,1,0,50000,42859.0,10.819798284210286
TVS Victor,10000,19,1,0,55000,54852.0,10.915106645867503
Hero Honda Splendor Plus,25000,12,1,0,70000,87958.71405750798,11.156264806643742
Honda Aviator,25000,12,1,0,12000,59183.0,9.392745258631441
Bajaj Pulsar 180,50000,14,1,0,70000,85011.0,11.156264806643742
Bajaj Avenger [2015],60000,9,1,0,16000,75502.0,9.680406499268875
Hero CD Dawn,35000,10,1,0,38000,87958.71405750798,10.545367754151743
Hero Maestro,50000,8,1,0,100000,49412.0,11.51293546492023
Honda CB Shine SP,50000,8,1,0,45000,64750.0,10.714439990727769
Hero Honda CD Deluxe,25500,12,1,0,28990,87958.71405750798,10.274740715974103
Hero Honda Hunk,35000,14,1,0,13000,87958.71405750798,9.472781556562168
Hero Honda CD Deluxe,20000,19,1,0,15000,87958.71405750798,9.61587214452889
Honda Activa 3G,40000,8,1,0,60000,54605.0,11.002116507732017
Bajaj Pulsar 135 LS,45000,7,1,0,22000,64589.0,9.99884318585288
Bajaj Pulsar 150 [2001-2011],30000,16,1,0,19500,87958.71405750798,9.87822102528824
Hero Pleasure,30000,11,1,0,25000,49600.0,10.12667110305036
Hero Honda CBZ extreme,30000,13,1,0,70000,87958.71405750798,11.156264806643742
Bajaj Pulsar 150,40000,10,1,0,65000,87958.71405750798,11.082157933374816
Honda CB Twister,25000,12,1,0,86000,53857.0,11.362114203075018
Honda Livo,45000,7,1,0,30000,87958.71405750798,10.308985993422082
Bajaj Pulsar AS200,65000,9,1,0,33000,92074.0,10.404293143019792
Honda Activa 3G,40000,9,1,0,36000,54605.0,10.491301994830229
Hero Honda Hunk,40000,14,1,0,41000,87958.71405750798,10.62135173563291
Honda CB Hornet 160R,70000,7,1,0,28000,83340.0,10.239995502805316
Hero HF Deluxe,35000,6,1,0,15000,87958.71405750798,9.61587214452889
Hero Splendor PRO,35000,9,1,0,35280,51994.0,10.471099854390227
Bajaj Boxer,15000,20,1,0,18000,87958.71405750798,9.798182590890704
Royal Enfield Electra 5 S,99000,12,1,0,28000,87958.71405750798,10.239995502805316
Royal Enfield Electra 5 S,90000,12,1,0,40000,87958.71405750798,10.596659732783579
Hero Honda Hunk,20000,14,1,0,17000,87958.71405750798,9.741027444837728
Hero Ignitor,36000,8,1,0,23000,65599.0,10.043292972227004
Bajaj Discover 100 M,32000,10,1,0,30000,44756.0,10.308985993422082
Honda Activa 3G,50000,8,1,0,6000,54605.0,8.699681400989514
Bajaj Pulsar 135 LS,50000,9,1,0,48000,64589.0,10.778977123006351
Bajaj Pulsar 220 DTS-i,60000,10,1,0,16000,87958.71405750798,9.680406499268875
Hero Honda CBZ extreme,40000,15,1,0,50000,87958.71405750798,10.819798284210286
Hero Honda CBZ extreme,35000,12,1,0,60000,87958.71405750798,11.002116507732017
Royal Enfield Thunder 500,175000,6,1,0,3000,190000.0,8.006700845440367
UM Renegade Mojave,170000,5,1,0,1400,182000.0,7.244941546337007
KTM RC200,165000,5,1,0,4000,178000.0,8.294299608857235
Bajaj Dominar 400,145000,5,1,0,1200,160000.0,7.0909098220799835
Royal Enfield Classic 350,135000,5,1,0,4100,147000.0,8.31898612539206
KTM RC390,135000,7,1,0,21700,237000.0,9.985113621416073
Hyosung GT250R,135000,8,1,0,16500,345000.0,9.711176264112805
Royal Enfield Thunder 350,125000,9,1,0,15000,150000.0,9.61587214452889
Royal Enfield Thunder 350,120000,6,1,0,18000,150000.0,9.798182590890704
Royal Enfield Classic 350,120000,5,1,0,11000,147000.0,9.305741456739435
KTM RC200,120000,6,1,0,6000,178000.0,8.699681400989514
Royal Enfield Thunder 350,115000,6,1,0,8700,150000.0,9.071193240566025
KTM 390 Duke ,115000,8,1,0,7000,240000.0,8.853808274977197
Mahindra Mojo XT300,115000,6,1,0,35000,140000.0,10.463131911491967
Royal Enfield Classic 350,115000,7,1,0,17000,147000.0,9.741027444837728
Royal Enfield Classic 350,111000,7,1,0,17500,147000.0,9.770013301136158
Royal Enfield Classic 350,110000,9,1,0,33000,147000.0,10.404293143019792
Royal Enfield Thunder 500,110000,7,1,0,14000,190000.0,9.546884034617925
Royal Enfield Classic 350,110000,7,1,0,26000,147000.0,10.165890277802454
Royal Enfield Thunder 500,105000,9,1,0,5400,190000.0,8.594339400592892
Bajaj Pulsar RS200,105000,6,1,0,5700,126000.0,8.648396877031582
Royal Enfield Thunder 350,105000,11,1,0,6900,150000.0,8.839421607620602
Royal Enfield Bullet 350,105000,6,1,0,6000,117000.0,8.699681400989514
Royal Enfield Classic 350,100000,9,1,0,46500,147000.0,10.747229096720554
Royal Enfield Classic 500,95000,10,1,0,11500,175000.0,9.350189267092581
Royal Enfield Classic 500,90000,13,1,0,40000,175000.0,10.596659732783579
Bajaj Avenger 220,90000,5,1,0,1300,95000.0,7.170888478512505
Bajaj Avenger 150,75000,6,1,0,7000,80000.0,8.853808274977197
Honda CB Hornet 160R,80000,5,1,0,3000,87000.0,8.006700845440367
Yamaha FZ S V 2.0,78000,5,1,0,5000,84000.0,8.517393171418904
Honda CB Hornet 160R,75000,5,1,0,11000,87000.0,9.305741456739435
Yamaha FZ 16,75000,7,1,0,18000,82000.0,9.798182590890704
Bajaj Avenger 220,75000,5,1,0,3500,95000.0,8.160803920954665
Bajaj Avenger 220,72000,6,1,0,500,95000.0,6.2166061010848646
TVS Apache RTR 160,65000,5,1,0,11800,81000.0,9.375939552625749
Bajaj Pulsar 150,65000,7,1,0,5000,74000.0,8.517393171418904
Honda CBR 150,65000,8,1,0,23500,120000.0,10.064798252418377
Hero Extreme,65000,9,1,0,16000,78700.0,9.680406499268875
Honda CB Hornet 160R,60000,6,1,0,15000,87000.0,9.61587214452889
Bajaj Avenger 220 dtsi,60000,7,1,0,16600,95000.0,9.717218213494077
Honda CBR 150,60000,9,1,0,32000,120000.0,10.373522431293592
Bajaj Avenger 150 street,60000,6,1,0,20000,80000.0,9.90353755128617
Yamaha FZ  v 2.0,60000,7,1,0,29000,84000.0,10.275085591132715
Yamaha FZ  v 2.0,60000,6,1,0,25000,84000.0,10.12667110305036
Bajaj Pulsar  NS 200,60000,8,1,0,25000,99000.0,10.12667110305036
TVS Apache RTR 160,60000,10,1,0,19000,81000.0,9.852246888342531
Hero Extreme,55000,8,1,0,15000,78700.0,9.61587214452889
Yamaha FZ S V 2.0,55000,7,1,0,58000,84000.0,10.968215530759236
Bajaj Pulsar 220 F,52000,12,1,0,45000,94000.0,10.714439990727769
Bajaj Pulsar 220 F,51000,6,1,0,24000,94000.0,10.085850775128717
TVS Apache RTR 180,50000,11,1,0,6000,82600.0,8.699681400989514
Hero Passion X pro,50000,6,1,0,31000,55000.0,10.34177474101152
Bajaj Pulsar NS 200,50000,10,1,0,13000,99000.0,9.472781556562168
Bajaj Pulsar NS 200,50000,9,1,0,45000,99000.0,10.714439990727769
Yamaha Fazer ,50000,8,1,0,8000,88000.0,8.987321812850125
Honda Activa 4G,48000,5,1,0,4300,51000.0,8.366602832783736
TVS Sport ,48000,5,1,0,15000,52000.0,9.61587214452889
Yamaha FZ S V 2.0,48000,7,1,0,23000,84000.0,10.043292972227004
Honda Dream Yuga ,48000,5,1,0,8600,54000.0,9.059633754551479
Honda Activa 4G,45000,5,1,0,4000,51000.0,8.294299608857235
Bajaj Avenger Street 220,45000,11,1,0,24000,95000.0,10.085850775128717
TVS Apache RTR 180,45000,8,1,0,23000,82600.0,10.043292972227004
Bajaj Pulsar NS 200,45000,10,1,0,14500,99000.0,9.581972891547895
Bajaj Avenger 220 dtsi,45000,12,1,0,27000,95000.0,10.203629181337648
Hero Splender iSmart,45000,6,1,0,14000,54000.0,9.546884034617925
Activa 3g,45000,6,1,0,500,54000.0,6.2166061010848646
Hero Passion Pro,45000,6,1,0,1000,55000.0,6.90875477931522
TVS Apache RTR 160,42000,8,1,0,42000,81000.0,10.645448706505872
Honda CB Trigger,42000,9,1,0,12000,73000.0,9.392745258631441
Hero Splender iSmart,40000,7,1,0,14000,54000.0,9.546884034617925
Yamaha FZ S ,40000,10,1,0,5500,83000.0,8.612685172875459
Hero Passion Pro,40000,7,1,0,6700,55000.0,8.81001204797317
Bajaj Pulsar 135 LS,40000,8,1,0,13700,64000.0,9.525224101853109
Activa 4g,40000,5,1,0,1300,51000.0,7.170888478512505
Honda CB Unicorn,38000,7,1,0,38600,72000.0,10.5610334618531
Hero Honda CBZ extreme,38000,11,1,0,75000,78700.0,11.225256725762893
Honda Karizma,35000,11,1,0,30000,105000.0,10.308985993422082
Honda Activa 125,35000,6,1,0,24000,57000.0,10.085850775128717
TVS Jupyter,35000,8,1,0,19000,52000.0,9.852246888342531
Honda Karizma,31000,12,1,0,213000,105000.0,12.269052139516223
Hero Honda Passion Pro,30000,10,1,0,60000,51000.0,11.002116507732017
Hero Splender Plus,30000,6,1,0,50000,48000.0,10.819798284210286
Honda CB Shine,30000,9,1,0,30000,58000.0,10.308985993422082
Bajaj Discover 100,27000,9,1,0,21000,47000.0,9.952325334619427
Bajaj Pulsar 150,25000,14,1,0,26000,75000.0,10.165890277802454
Suzuki Access 125,25000,14,1,0,1900,58000.0,7.550135342488429
TVS Wego,25000,12,1,0,22000,52000.0,9.99884318585288
Honda CB twister,25000,9,1,0,32000,51000.0,10.373522431293592
Hero Glamour,25000,9,1,0,18000,57000.0,9.798182590890704
Hero Super Splendor,20000,17,1,0,55000,57000.0,10.915106645867503
Bajaj Pulsar 150,20000,14,1,0,60000,75000.0,11.002116507732017
Bajaj Discover 125,20000,10,1,0,25000,57000.0,10.12667110305036
Hero Hunk,20000,15,1,0,49000,75000.0,10.799595985047786
Hero  Ignitor Disc,20000,9,1,0,24000,65000.0,10.085850775128717
Hero  CBZ Xtreme,20000,14,1,0,50000,78700.0,10.819798284210286
Bajaj  ct 100,18000,7,1,0,35000,32000.0,10.463131911491967
Activa 3g,17000,14,1,0,500000,52000.0,13.122365377402328
Honda CB twister,16000,12,1,0,33000,51000.0,10.404293143019792
Bajaj Discover 125,15000,11,1,0,35000,57000.0,10.463131911491967
Honda CB Shine,12000,15,1,0,53000,58000.0,10.87806606028079
Bajaj Pulsar 150,10000,16,1,0,92233,75000.0,11.432084105125599
